id,target
c0f722661,-0.9331493377685547
f0953f0a5,-0.858371913433075
0df072751,-0.8813183307647705
04caf4e0c,-1.0914413928985596
0e63f8bea,-1.0404740571975708
12537fe78,-0.8911329507827759
965e592c0,-0.8587122559547424
